PadID,InitialProb,Displacement,PredictedProb,CorrectedProb
1,0.33253418,3.83384240,0.00001439,0.00001679
2,0.37847544,3.83384240,0.00001439,0.00000542
3,0.18699816,3.83384240,0.00001439,0.00000212
4,0.10979005,3.83384240,0.00001439,0.00000288
5,0.12603647,3.83384240,0.00001439,0.00000404
6,0.58722752,4.50000000,0.08449146,0.08815766
7,0.49289724,4.50000000,0.07091903,0.05648703
8,0.61089062,4.50000000,0.08789615,0.08833777
9,0.43803467,4.50000000,0.06302529,0.04731032
10,0.20956996,4.50000000,0.03015334,0.01577419
11,0.46789286,3.83384240,0.11516703,0.06063079
12,0.77145077,3.83384240,0.16545366,0.24438983
13,0.87255267,3.83384240,0.15245027,0.22615306
14,0.76221577,3.83384240,0.12546592,0.12535341
15,0.60307439,3.83384240,0.10490591,0.04737468

TopPad1,TopPad2,TopPad3
12,13,7
